年度,發電方式,排放量(萬噸),發電量(億度),推估電力係數
2024,燃油,278,34.45,0.806966618
2024,燃氣,3405,1187.49,0.286739257
2024,燃煤,5395,782.29,0.689641949
2023,燃油,247,30.57,0.807981681
2023,燃氣,3211,1083.28,0.296414593
2023,燃煤,5830,836.05,0.697326715
2022,燃油,279,35.05,0.796005706
2022,燃氣,3347,1089.1,0.307317969
2022,燃煤,6156,872.95,0.705195028
2021,燃油,316,39.5,0.8
2021,燃氣,3244,1057.53,0.306752527
2021,燃煤,6253,882.06,0.708908691
2020,燃油,244,30.64,0.796344648
2020,燃氣,3089,974.4,0.317015599
2020,燃煤,5934,870.53,0.681653705